PID,query,topic,Specificity Level,Reason,topic_familiarity_x,topic_interest_x,topic_difficulty_x,info_revelance_x,info_difficulty_x,task_order,Receive,Submit,Unnamed: 0_x,topic_familiarity_y,topic_interest_y,topic_difficulty_y,info_revelance_y,info_difficulty_y,order_x,Input_x,Output_x,Unnamed: 0_y,topic_familiarity,topic_interest,topic_difficulty,info_revelance,info_difficulty,order_y,Input_y,Output_y
PA2,the positive uses of marine vegetations,314,2,"The query refers to ""marine vegetations",,,,,,,,,,,,,,,,,,,,,,,,,,
PA3,What are the sustainable use case of marine vegetation? What could be its potential health benefits?,314,2,The query is moderately specific as it asks about sustainable use cases and potential health benefits of marine vegetation,,,,,,,,,,,,,,,,,,,,,,,,,,
PA4,innovative uses of algae,314,2,"The query ""innovative uses of algae"" is moderately specific. It focuses on a particular subject (algae) and seeks information about new and creative applications. However",,,,,,,,,,,,,,,,,,,,,,,,,,
PA8,What are proved health benefits of marine vegetation diets?,314,2,The query is moderately specific as it identifies a particular topic (health benefits) related to a specific subject (marine vegetation diets). However,4.0,4.0,2.0,5.0,1.0,10.0,READ,SPEAK,2.0,4.0,4.0,2.0,5.0,1.0,10.0,READ,TYPE,2.0,4.0,4.0,2.0,5.0,1.0,10.0,READ,TYPE
PA9,What are the health benefits of marine vegetation?,314,1,The query is general as it asks about the health benefits of marine vegetation without specifying which types of marine vegetation are being referred to or the context in which the benefits are being considered (e.g.,4.0,4.0,2.0,4.0,1.0,9.0,READ,SPEAK,3.0,4.0,4.0,2.0,4.0,1.0,9.0,READ,TYPE,3.0,4.0,4.0,2.0,4.0,1.0,9.0,READ,TYPE
PA10,uses of marine vegetation,314,1,"The query ""uses of marine vegetation"" is general and lacks specific context or details about which particular uses are being referred to (e.g.",5.0,1.0,2.0,1.0,1.0,12.0,LISTEN,SPEAK,4.0,5.0,1.0,2.0,1.0,1.0,12.0,LISTEN,TYPE,4.0,5.0,1.0,2.0,1.0,1.0,12.0,LISTEN,TYPE
PA5,Health benefits of marine vegetation,314,2,The query is moderately specific as it focuses on a particular topic,4.0,5.0,2.0,5.0,1.0,8.0,READ,SPEAK,5.0,4.0,5.0,2.0,5.0,1.0,8.0,READ,TYPE,5.0,4.0,5.0,2.0,5.0,1.0,8.0,READ,TYPE
PA11,"What are the positive uses of marine vegetation, as a source of food and drug?",314,2,The query is moderately specific as it focuses on marine vegetation and seeks positive uses in two particular areas: food and drugs. However,2.0,3.0,2.0,3.0,2.0,12.0,LISTEN,SPEAK,6.0,2.0,3.0,2.0,3.0,2.0,12.0,LISTEN,TYPE,6.0,2.0,3.0,2.0,3.0,2.0,12.0,LISTEN,TYPE
PA13,What makes the marine vegetation so beneficial for human health? ,314,2,The query is moderately specific because it focuses on the benefits of marine vegetation for human health,2.0,3.0,2.0,5.0,1.0,4.0,READ,SPEAK,8.0,2.0,3.0,2.0,5.0,1.0,4.0,READ,TYPE,8.0,2.0,3.0,2.0,5.0,1.0,4.0,READ,TYPE
PA15,What are positive uses of marine vegetation,314,2,"The query ""What are positive uses of marine vegetation"" is moderately specific as it focuses on a particular subject (marine vegetation) and seeks information about its positive uses. However",1.0,4.0,1.0,4.0,2.0,4.0,LISTEN,SPEAK,10.0,1.0,4.0,1.0,4.0,2.0,4.0,LISTEN,TYPE,10.0,1.0,4.0,1.0,4.0,2.0,4.0,LISTEN,TYPE
PA17,What are the benefits of food/medicine made from marine vegetation?,314,2,The query asks about the benefits of food and medicine made specifically from marine vegetation,2.0,4.0,3.0,4.0,2.0,8.0,LISTEN,SPEAK,12.0,2.0,4.0,3.0,4.0,2.0,8.0,LISTEN,TYPE,12.0,2.0,4.0,3.0,4.0,2.0,8.0,LISTEN,TYPE
PA19,how marine vegitation can be used as food and medicine as well?,314,2,The query is moderately specific as it addresses the dual uses of marine vegetation for both food and medicine. However,3.0,3.0,2.0,4.0,2.0,3.0,READ,SPEAK,14.0,3.0,3.0,2.0,4.0,2.0,3.0,READ,TYPE,14.0,3.0,3.0,2.0,4.0,2.0,3.0,READ,TYPE
PA25,what are the possible research areas in marine vegetation in the context of finding drugs,314,2,The query is moderately specific because it narrows down the broad field of research to marine vegetation and its potential in drug discovery. However,1.0,1.0,5.0,5.0,2.0,11.0,READ,SPEAK,20.0,1.0,1.0,5.0,5.0,2.0,11.0,READ,TYPE,20.0,1.0,1.0,5.0,5.0,2.0,11.0,READ,TYPE
PA26,is eating seaplants healthy,314,2,The query is moderately specific as it asks about the health implications of eating seaplants. While it provides a clear subject (seaplants) and a specific aspect (health),,,,,,,,,21.0,1.0,1.0,5.0,4.0,2.0,11.0,LISTEN,TYPE,21.0,1.0,1.0,5.0,4.0,2.0,11.0,LISTEN,TYPE
PA28,health benefits of consumption of marine vegetation?,314,2,The query asks about the health benefits of marine vegetation,3.0,3.0,3.0,4.0,1.0,3.0,LISTEN,SPEAK,23.0,3.0,3.0,3.0,4.0,1.0,3.0,LISTEN,TYPE,23.0,3.0,3.0,3.0,4.0,1.0,3.0,LISTEN,TYPE
PA30,where can i buy marine algae in australia,314,2,The query indicates a specific interest in purchasing marine algae,2.0,4.0,1.0,1.0,1.0,4.0,LISTEN,SPEAK,25.0,2.0,4.0,1.0,1.0,1.0,4.0,LISTEN,TYPE,25.0,2.0,4.0,1.0,1.0,1.0,4.0,LISTEN,TYPE
PA31,is eating seaweed good for health,314,2,The query is moderately specific as it pertains to the health benefits of a specific food item (seaweed). However,2.0,4.0,2.0,4.0,4.0,1.0,READ,SPEAK,26.0,2.0,4.0,2.0,4.0,4.0,1.0,READ,TYPE,26.0,2.0,4.0,2.0,4.0,4.0,1.0,READ,TYPE
PA32,marine vegetation uses,314,2,"The query ""marine vegetation uses"" is moderately specific as it indicates a focus on the applications or purposes of marine vegetation",4.0,4.0,3.0,2.0,2.0,6.0,LISTEN,SPEAK,27.0,4.0,4.0,3.0,2.0,2.0,6.0,LISTEN,TYPE,27.0,4.0,4.0,3.0,2.0,2.0,6.0,LISTEN,TYPE
PA33,What are the positive uses of marine vegetation?,314,2,The query is moderately specific as it asks about the positive uses of marine vegetation,3.0,3.0,2.0,4.0,2.0,12.0,LISTEN,SPEAK,28.0,3.0,3.0,2.0,4.0,2.0,12.0,LISTEN,TYPE,28.0,3.0,3.0,2.0,4.0,2.0,12.0,LISTEN,TYPE
PA4,FLAG companies and technology involved,320,2,"The query is moderately specific as it mentions ""FLAG companies"" and ""technology involved",,,,,,,,,31.0,3.0,4.0,3.0,4.0,3.0,11.0,LISTEN,TYPE,31.0,3.0,4.0,3.0,4.0,3.0,11.0,LISTEN,TYPE
PA10,About undersea fiber cables and FLAG,320,2,"The query is moderately specific because it mentions ""undersea fiber cables",4.0,4.0,2.0,4.0,3.0,1.0,READ,SPEAK,36.0,4.0,4.0,2.0,4.0,3.0,1.0,READ,TYPE,36.0,4.0,4.0,2.0,4.0,3.0,1.0,READ,TYPE
PA12,Which city of India connected with fiber optic via ocean,320,2,The query is moderately specific as it asks for a specific city in India that has a fiber optic connection that involves an oceanic link. While it is clear in its intent,4.0,4.0,3.0,4.0,3.0,6.0,READ,SPEAK,39.0,4.0,4.0,3.0,4.0,3.0,6.0,READ,TYPE,39.0,4.0,4.0,3.0,4.0,3.0,6.0,READ,TYPE
PA13,How long does it take to complete the construction of the undersea fiber optic cable?,320,2,The query asks about the duration of constructing undersea fiber optic cables,4.0,5.0,3.0,2.0,1.0,2.0,LISTEN,SPEAK,40.0,4.0,5.0,3.0,2.0,1.0,2.0,LISTEN,TYPE,40.0,4.0,5.0,3.0,2.0,1.0,2.0,LISTEN,TYPE
PA14,what are the technologies used in undersea fibre optics?,320,2,The query is moderately specific as it focuses on a particular application (undersea fibre optics) but does not detail what aspects of the technologies (e.g.,1.0,4.0,2.0,4.0,2.0,6.0,LISTEN,SPEAK,41.0,1.0,4.0,2.0,4.0,2.0,6.0,LISTEN,TYPE,41.0,1.0,4.0,2.0,4.0,2.0,6.0,LISTEN,TYPE
PA15,What is the technology used in FLAG,320,2,The query asks about the technology used in FLAG,3.0,5.0,1.0,1.0,4.0,2.0,READ,SPEAK,42.0,3.0,5.0,1.0,1.0,4.0,2.0,READ,TYPE,42.0,3.0,5.0,1.0,1.0,4.0,2.0,READ,TYPE
PA16,Tell me more about the making of undersea fiber optic cables,320,2,The query is moderately specific as it seeks detailed information about a particular topic—undersea fiber optic cables. However,3.0,4.0,3.0,4.0,4.0,4.0,LISTEN,SPEAK,43.0,3.0,4.0,3.0,4.0,4.0,4.0,LISTEN,TYPE,43.0,3.0,4.0,3.0,4.0,4.0,4.0,LISTEN,TYPE
PA18,what companies are involved in conducting the Undersea Fiber Optic Cable ?,320,2,The query is moderately specific because it asks for information about companies involved in a particular industry (undersea fiber optic cables),2.0,3.0,2.0,4.0,3.0,12.0,LISTEN,SPEAK,45.0,2.0,3.0,2.0,4.0,3.0,12.0,LISTEN,TYPE,45.0,2.0,3.0,2.0,4.0,3.0,12.0,LISTEN,TYPE
PA19,"how fiber optic company FLAG works under sea, and how much company are there like flag?",320,2,The query is moderately specific as it asks about the functioning of a particular fiber optic company (FLAG) under the sea,4.0,5.0,1.0,5.0,1.0,2.0,LISTEN,SPEAK,46.0,4.0,5.0,1.0,5.0,1.0,2.0,LISTEN,TYPE,46.0,4.0,5.0,1.0,5.0,1.0,2.0,LISTEN,TYPE
PA21,Which technique is required in this undersea optical fiber project?,320,2,The query is moderately specific because it asks about a specific technique required for an undersea optical fiber project,3.0,4.0,2.0,4.0,2.0,11.0,LISTEN,SPEAK,48.0,3.0,4.0,2.0,4.0,2.0,11.0,LISTEN,TYPE,48.0,3.0,4.0,2.0,4.0,2.0,11.0,LISTEN,TYPE
PA23,who are the people laying fiber optics under sea?,320,2,The query is moderately specific as it asks about a particular group of people involved in a specific activity (laying fiber optics under the sea). However,,,,,,,,,50.0,4.0,4.0,2.0,5.0,1.0,7.0,READ,TYPE,50.0,4.0,4.0,2.0,5.0,1.0,7.0,READ,TYPE
PA24,Undersea fiber optic cable technologies and companies involved.,320,2,The query is moderately specific as it references a particular technology (undersea fiber optic cables) and indicates a focus on the companies involved. However,4.0,5.0,5.0,5.0,1.0,12.0,READ,SPEAK,51.0,4.0,5.0,5.0,5.0,1.0,12.0,READ,TYPE,51.0,4.0,5.0,5.0,5.0,1.0,12.0,READ,TYPE
PA2,the science project under way in Artartica,353,2,The query is moderately specific as it mentions a particular location (Antarctica) and the context (science project),,,,,,,,,61.0,1.0,2.0,5.0,4.0,1.0,8.0,READ,SPEAK,61.0,1.0,2.0,5.0,4.0,1.0,8.0,READ,SPEAK
PA7,What scientific expeditions or projects are happening right now in Antarctica?,353,2,The query is moderately specific because it asks about current scientific expeditions or projects in a specific location (Antarctica). However,3.0,5.0,1.0,5.0,1.0,3.0,LISTEN,SPEAK,65.0,3.0,5.0,1.0,5.0,1.0,3.0,LISTEN,TYPE,65.0,3.0,5.0,1.0,5.0,1.0,3.0,LISTEN,TYPE
PA8,Is climate change a heated topic under explorations?,353,1,The query is quite vague and general. It broadly asks about the status of climate change as a topic of exploration without specifying any particular context,4.0,4.0,3.0,5.0,1.0,6.0,READ,SPEAK,66.0,4.0,4.0,3.0,5.0,1.0,6.0,READ,TYPE,66.0,4.0,4.0,3.0,5.0,1.0,6.0,READ,TYPE
PA9,What are the current scientific projects in Antarctica?,353,2,"The query is moderately specific because it refers to ""current scientific projects"" but does not specify the types of projects",3.0,3.0,2.0,5.0,1.0,10.0,LISTEN,SPEAK,67.0,3.0,3.0,2.0,5.0,1.0,10.0,LISTEN,TYPE,67.0,3.0,3.0,2.0,5.0,1.0,10.0,LISTEN,TYPE
PA12,Can common people go to antartica,353,2,The query is moderately specific as it inquires about the possibility for common people to visit Antarctica,4.0,4.0,3.0,3.0,3.0,7.0,LISTEN,SPEAK,71.0,4.0,4.0,3.0,3.0,3.0,7.0,LISTEN,TYPE,71.0,4.0,4.0,3.0,3.0,3.0,7.0,LISTEN,TYPE
PA15,what are scientific projects planned in Antartica,353,2,The query is moderately specific as it indicates a particular location (Antarctica) and focuses on scientific projects,1.0,5.0,2.0,5.0,1.0,5.0,READ,SPEAK,74.0,1.0,5.0,2.0,5.0,1.0,5.0,READ,TYPE,74.0,1.0,5.0,2.0,5.0,1.0,5.0,READ,TYPE
PA16,What do scientists do in Antarctica,353,1,The query is very general and does not provide specific details about the type of scientists,3.0,4.0,3.0,4.0,1.0,5.0,READ,SPEAK,75.0,3.0,4.0,3.0,4.0,1.0,5.0,READ,TYPE,75.0,3.0,4.0,3.0,4.0,1.0,5.0,READ,TYPE
PA17,What are some of the current and future projects in Antarctica?,353,2,"The query is moderately specific as it asks about ""current and future projects in Antarctica",3.0,4.0,2.0,4.0,2.0,9.0,LISTEN,SPEAK,76.0,3.0,4.0,2.0,4.0,2.0,9.0,LISTEN,TYPE,76.0,3.0,4.0,2.0,4.0,2.0,9.0,LISTEN,TYPE
PA19,what are the current projects going on for antarctica exploration?,353,2,The query seeks information about ongoing projects in a specific region (Antarctica) and context (exploration),5.0,5.0,1.0,4.0,2.0,11.0,LISTEN,SPEAK,78.0,5.0,5.0,1.0,4.0,2.0,11.0,LISTEN,TYPE,78.0,5.0,5.0,1.0,4.0,2.0,11.0,LISTEN,TYPE
PA22,Which type of scientific experiments are conducted in Antarctica?,353,2,The query asks about the types of scientific experiments conducted in Antarctica which indicates a moderate level of specificity. It is not a vague or general question,4.0,4.0,2.0,5.0,1.0,5.0,LISTEN,SPEAK,81.0,4.0,4.0,2.0,5.0,1.0,5.0,LISTEN,TYPE,81.0,4.0,4.0,2.0,5.0,1.0,5.0,LISTEN,TYPE
PA24,"Future, past and present scientific explorations to Antarctica.",353,2,The query refers to scientific explorations in a broad temporal scope (future,1.0,5.0,5.0,5.0,1.0,7.0,READ,SPEAK,83.0,1.0,5.0,5.0,5.0,1.0,7.0,READ,TYPE,83.0,1.0,5.0,5.0,5.0,1.0,7.0,READ,TYPE
PA29,What is antracia exploration?,353,1,"The query ""What is antracia exploration?"" is vague and general because it lacks context",1.0,3.0,4.0,5.0,1.0,2.0,READ,SPEAK,88.0,1.0,3.0,4.0,5.0,1.0,2.0,READ,TYPE,88.0,1.0,3.0,4.0,5.0,1.0,2.0,READ,TYPE
PA31,current and future expeditions in antarctica,353,2,The query is moderately specific as it indicates a focus on expeditions in Antarctica,3.0,4.0,2.0,5.0,1.0,5.0,LISTEN,SPEAK,90.0,3.0,4.0,2.0,5.0,1.0,5.0,LISTEN,TYPE,90.0,3.0,4.0,2.0,5.0,1.0,5.0,LISTEN,TYPE
PA1,ocean satellite data analysis,355,2,"The query ""ocean satellite data analysis"" is moderately specific as it indicates a particular field of study (ocean data) and a method of analysis (satellite data)",,,,,,,,,,,,,,,,,,,,,,,,,,
PA7,What is ocean remote sensing and how is it being used ?,355,2,The query asks for information about ocean remote sensing and its applications,1.0,4.0,1.0,5.0,3.0,2.0,READ,SPEAK,97.0,1.0,4.0,1.0,5.0,3.0,2.0,READ,TYPE,97.0,1.0,4.0,1.0,5.0,3.0,2.0,READ,TYPE
PA11,What's being developed in ocean remote sensing and how is it being used?,355,2,This query is moderately specific as it asks for information about current developments in ocean remote sensing and its applications. While it is focused on a specific field (ocean remote sensing),2.0,3.0,4.0,5.0,2.0,7.0,READ,SPEAK,102.0,2.0,3.0,4.0,5.0,2.0,7.0,READ,TYPE,102.0,2.0,3.0,4.0,5.0,2.0,7.0,READ,TYPE
PA13,How can the satellites monitor the ocean from above? ,355,2,The query is moderately specific as it asks about the function of satellites in monitoring the ocean,2.0,5.0,1.0,5.0,2.0,11.0,READ,SPEAK,104.0,2.0,5.0,1.0,5.0,2.0,11.0,READ,TYPE,104.0,2.0,5.0,1.0,5.0,2.0,11.0,READ,TYPE
PA19,"what we can do with ocean remote sensing, and how to use this?",355,2,The query is moderately specific as it asks about the applications of ocean remote sensing and how to utilize it,3.0,4.0,2.0,4.0,1.0,6.0,LISTEN,SPEAK,110.0,3.0,4.0,2.0,4.0,1.0,6.0,LISTEN,TYPE,110.0,3.0,4.0,2.0,4.0,1.0,6.0,LISTEN,TYPE
PA21,Whta has been developed in ocean remote sensing field?,355,1,The query is quite vague and general as it doesn't specify any particular aspect of ocean remote sensing,2.0,2.0,3.0,4.0,3.0,12.0,READ,SPEAK,112.0,2.0,2.0,3.0,4.0,3.0,12.0,READ,TYPE,112.0,2.0,2.0,3.0,4.0,3.0,12.0,READ,TYPE
PA23,What are the technologies developed in ocean remote sensing?,355,2,The query is moderately specific because it asks for technologies related to a particular field (ocean remote sensing). However,,,,,,,,,114.0,2.0,4.0,2.0,5.0,4.0,12.0,LISTEN,TYPE,114.0,2.0,4.0,2.0,5.0,4.0,12.0,LISTEN,TYPE
PA24,Ocean remote sensing field development and usage history.,355,2,"The query ""Ocean remote sensing field development and usage history"" is moderately specific. It focuses on a defined topic — ocean remote sensing — and implies an interest in both its development and historical usage. However",1.0,4.0,4.0,4.0,4.0,5.0,LISTEN,SPEAK,115.0,1.0,4.0,4.0,4.0,4.0,5.0,LISTEN,TYPE,115.0,1.0,4.0,4.0,4.0,4.0,5.0,LISTEN,TYPE
PA25,What is ocean sensing and how it can be incorperated with environmental well being,355,2,The query asks about ocean sensing and its incorporation with environmental well-being,1.0,1.0,1.0,5.0,3.0,1.0,LISTEN,SPEAK,116.0,1.0,1.0,1.0,5.0,3.0,1.0,LISTEN,TYPE,116.0,1.0,1.0,1.0,5.0,3.0,1.0,LISTEN,TYPE
PA27,How ocean remote sensing works?,355,1,"The query ""How ocean remote sensing works?"" is quite broad and general. It does not specify a particular aspect of ocean remote sensing",4.0,5.0,3.0,4.0,1.0,2.0,LISTEN,SPEAK,118.0,4.0,5.0,3.0,4.0,1.0,2.0,LISTEN,TYPE,118.0,4.0,5.0,3.0,4.0,1.0,2.0,LISTEN,TYPE
PA29,What are the orcian remote sensing methods?,355,1,"The query is vague and general as it uses the term ""orcian"" which is not a recognized or defined term in remote sensing",4.0,4.0,2.0,5.0,2.0,5.0,READ,SPEAK,120.0,4.0,4.0,2.0,5.0,2.0,5.0,READ,TYPE,120.0,4.0,4.0,2.0,5.0,2.0,5.0,READ,TYPE
PA31,satellite ocean remote sensing applications,355,2,"The query ""satellite ocean remote sensing applications"" is moderately specific as it clearly identifies a particular field (ocean remote sensing) and the technology involved (satellite)",2.0,4.0,3.0,5.0,1.0,6.0,LISTEN,SPEAK,122.0,2.0,4.0,3.0,5.0,1.0,6.0,LISTEN,TYPE,122.0,2.0,4.0,3.0,5.0,1.0,6.0,LISTEN,TYPE
PA4,Transport Ship wrecks due to weather,448,2,"The query ""Transport Ship wrecks due to weather"" is moderately specific as it refers to a certain type of event (transport ship wrecks) and a specific cause (weather). However",,,,,,,,,223.0,3.0,3.0,3.0,5.0,2.0,7.0,LISTEN,TYPE,223.0,3.0,3.0,3.0,5.0,2.0,7.0,LISTEN,TYPE
PA6,Recent shipping losses due to weather,448,2,The query is moderately specific as it refers to a particular aspect of shipping—losses due to weather—but it does not specify the time frame,3.0,3.0,1.0,4.0,1.0,8.0,READ,SPEAK,224.0,3.0,3.0,1.0,4.0,1.0,8.0,READ,TYPE,224.0,3.0,3.0,1.0,4.0,1.0,8.0,READ,TYPE
PA7,Instances where ships got lost due to bad or terrible weather?,448,2,"The query is moderately specific as it asks for instances of ships lost specifically due to ""bad or terrible weather",1.0,2.0,3.0,5.0,3.0,6.0,LISTEN,SPEAK,225.0,1.0,2.0,3.0,5.0,3.0,6.0,LISTEN,TYPE,225.0,1.0,2.0,3.0,5.0,3.0,6.0,LISTEN,TYPE
PA8,How does a ship loses its navigation function in sea?,448,2,The query asks about the loss of navigation function in a ship specifically at sea,2.0,3.0,2.0,5.0,1.0,4.0,LISTEN,SPEAK,226.0,2.0,3.0,2.0,5.0,1.0,4.0,LISTEN,TYPE,226.0,2.0,3.0,2.0,5.0,1.0,4.0,LISTEN,TYPE
PA10,cases where weather was the reason of ship loss,448,2,The query is moderately specific as it indicates an interest in a particular topic (ship loss) and its relationship with weather conditions. However,4.0,4.0,2.0,4.0,4.0,10.0,READ,SPEAK,228.0,4.0,4.0,2.0,4.0,4.0,10.0,READ,TYPE,228.0,4.0,4.0,2.0,4.0,4.0,10.0,READ,TYPE
PA11,Is weather the main contributing factor to losing a ship at sea?,448,2,The query is moderately specific because it focuses on the relationship between weather and ship losses at sea. However,2.0,3.0,3.0,5.0,2.0,5.0,READ,SPEAK,230.0,2.0,3.0,3.0,5.0,2.0,5.0,READ,TYPE,230.0,2.0,3.0,3.0,5.0,2.0,5.0,READ,TYPE
PA12,How to find lost ships,448,1,"The query ""How to find lost ships"" is quite general and does not specify any particular context",3.0,3.0,3.0,3.0,2.0,2.0,LISTEN,SPEAK,231.0,3.0,3.0,3.0,3.0,2.0,2.0,LISTEN,TYPE,231.0,3.0,3.0,3.0,3.0,2.0,2.0,LISTEN,TYPE
PA13,How does the bad weathers contribute to the shipping losses?,448,2,The query is moderately specific because it asks about the impact of bad weather on shipping losses,2.0,3.0,2.0,5.0,2.0,10.0,LISTEN,SPEAK,232.0,2.0,3.0,2.0,5.0,2.0,10.0,LISTEN,TYPE,232.0,2.0,3.0,2.0,5.0,2.0,10.0,LISTEN,TYPE
PA14,can the ship survive when there is heavy wind flow?,448,2,The query is moderately specific as it focuses on the ship's ability to survive in the context of heavy wind flow. However,3.0,2.0,2.0,3.0,2.0,8.0,READ,SPEAK,233.0,3.0,2.0,2.0,3.0,2.0,8.0,READ,TYPE,233.0,3.0,2.0,2.0,3.0,2.0,8.0,READ,TYPE
PA20,Find some instances where the weather is the key reason of losing the ship  ,448,2,The query is moderately specific because it asks for examples of situations where weather conditions contributed to the loss of a ship. However,4.0,3.0,3.0,4.0,2.0,9.0,READ,SPEAK,239.0,4.0,3.0,3.0,4.0,2.0,9.0,READ,TYPE,239.0,4.0,3.0,3.0,4.0,2.0,9.0,READ,TYPE
PA21,Is there any ship loss instances that were mainly caused by bad weather?,448,2,The query is moderately specific because it asks about ship loss instances related to bad weather,1.0,1.0,4.0,4.0,2.0,9.0,READ,SPEAK,240.0,1.0,1.0,4.0,4.0,2.0,9.0,READ,TYPE,240.0,1.0,1.0,4.0,4.0,2.0,9.0,READ,TYPE
PA24,History of ships lost at sea due to weather phenomena.,448,2,The query focuses on a specific aspect of maritime history,2.0,5.0,4.0,5.0,1.0,3.0,LISTEN,SPEAK,243.0,2.0,5.0,4.0,5.0,1.0,3.0,LISTEN,TYPE,243.0,2.0,5.0,4.0,5.0,1.0,3.0,LISTEN,TYPE
PA25,give me some instances that occurred in past for ship losses due to bad weather,448,2,The query asks for specific instances of ship losses linked to bad weather,3.0,4.0,4.0,5.0,1.0,3.0,READ,SPEAK,244.0,3.0,4.0,4.0,5.0,1.0,3.0,READ,TYPE,244.0,3.0,4.0,4.0,5.0,1.0,3.0,READ,TYPE
PA27,How many ships are lost at sea due to bad weather,448,2,The query asks about the number of ships lost at sea specifically due to bad weather,2.0,4.0,3.0,5.0,1.0,4.0,LISTEN,SPEAK,246.0,2.0,4.0,3.0,5.0,1.0,4.0,LISTEN,TYPE,246.0,2.0,4.0,3.0,5.0,1.0,4.0,LISTEN,TYPE
PA28,is weather a main factor for losing a ship at a sea?,448,1,The query is not specific because it asks a broad question about weather as a factor in losing ships at sea without detailing particular types of weather events,3.0,3.0,3.0,4.0,2.0,12.0,LISTEN,SPEAK,247.0,3.0,3.0,3.0,4.0,2.0,12.0,LISTEN,TYPE,247.0,3.0,3.0,3.0,4.0,2.0,12.0,LISTEN,TYPE
PA31,bad weather leading to ship loss at sea,448,2,"The query mentions ""bad weather"" and ""ship loss at sea",4.0,4.0,2.0,5.0,2.0,3.0,LISTEN,SPEAK,250.0,4.0,4.0,2.0,5.0,2.0,3.0,LISTEN,TYPE,250.0,4.0,4.0,2.0,5.0,2.0,3.0,LISTEN,TYPE
PA32,ship losses due to weather,448,2,"The query ""ship losses due to weather"" is moderately specific as it indicates a particular context (ship losses) and a specific cause (weather). However",2.0,3.0,3.0,4.0,4.0,11.0,READ,SPEAK,251.0,2.0,3.0,3.0,4.0,4.0,11.0,READ,TYPE,251.0,2.0,3.0,3.0,4.0,4.0,11.0,READ,TYPE
PA33,How often do ships get lost in storms?,448,2,The query inquires about the frequency of ships getting lost in storms,3.0,3.0,2.0,3.0,2.0,9.0,READ,SPEAK,252.0,3.0,3.0,2.0,3.0,2.0,9.0,READ,TYPE,252.0,3.0,3.0,2.0,3.0,2.0,9.0,READ,TYPE
PA1,slate stone decoration,708,1,"The query ""slate stone decoration"" is not specific as it is quite general and could refer to a wide range of decoration styles",,,,,,,,,,,,,,,,,,,,,,,,,,
PA2,How to obtain decorative stone,708,2,The query is moderately specific as it provides a clear intention of obtaining decorative stone,,,,,,,,,253.0,1.0,2.0,5.0,2.0,4.0,1.0,LISTEN,SPEAK,253.0,1.0,2.0,5.0,2.0,4.0,1.0,LISTEN,SPEAK
PA3,What are the manufacturing process of slate stone? What is its decorative use?,708,2,The query asks about two distinct aspects of slate stone: its manufacturing process and its decorative use. While it is focused on a specific material (slate stone),,,,,,,,,254.0,2.0,5.0,1.0,4.0,1.0,5.0,LISTEN,SPEAK,254.0,2.0,5.0,1.0,4.0,1.0,5.0,LISTEN,SPEAK
PA6,Slate sources for decoration,708,1,"The query ""Slate sources for decoration"" is vague and general. It does not specify what type of sources are being referred to (e.g.",1.0,2.0,1.0,2.0,1.0,6.0,LISTEN,SPEAK,256.0,1.0,2.0,1.0,2.0,1.0,6.0,LISTEN,TYPE,256.0,1.0,2.0,1.0,2.0,1.0,6.0,LISTEN,TYPE
PA7,Where can i find slate stone for decorative use?,708,2,The query is moderately specific because it inquires about a particular type of stone (slate) and its intended use (decorative),3.0,4.0,1.0,4.0,3.0,8.0,READ,SPEAK,257.0,3.0,4.0,1.0,4.0,3.0,8.0,READ,TYPE,257.0,3.0,4.0,1.0,4.0,3.0,8.0,READ,TYPE
PA8,From which country can we commonly find slate stone?,708,2,The query is moderately specific as it asks about a particular type of stone (slate) and its common geographic origin. However,1.0,3.0,2.0,5.0,2.0,9.0,LISTEN,SPEAK,258.0,1.0,3.0,2.0,5.0,2.0,9.0,LISTEN,TYPE,258.0,1.0,3.0,2.0,5.0,2.0,9.0,LISTEN,TYPE
PA9,how slate stones are used to create household decorations,708,2,The query is moderately specific as it pertains to a particular material (slate stones) and their application (household decorations). However,2.0,2.0,3.0,5.0,1.0,8.0,LISTEN,SPEAK,259.0,2.0,2.0,3.0,5.0,1.0,8.0,LISTEN,TYPE,259.0,2.0,2.0,3.0,5.0,1.0,8.0,LISTEN,TYPE
PA5,How is slate stone made and used,708,2,The query asks about both the process of making slate stone and its uses,1.0,3.0,4.0,4.0,1.0,2.0,LISTEN,SPEAK,261.0,1.0,3.0,4.0,4.0,1.0,2.0,LISTEN,TYPE,261.0,1.0,3.0,4.0,4.0,1.0,2.0,LISTEN,TYPE
PA11,"What are the sources of slate stone for decorative use, and how is it obtained?",708,2,The query is moderately specific as it asks for sources of slate stone specifically for decorative use,1.0,3.0,4.0,5.0,2.0,6.0,LISTEN,SPEAK,262.0,1.0,3.0,4.0,5.0,2.0,6.0,LISTEN,TYPE,262.0,1.0,3.0,4.0,5.0,2.0,6.0,LISTEN,TYPE
PA12,What is the price of the stone,708,1,The query is vague and lacks detail. It does not specify which type of stone is being referred to (e.g.,3.0,1.0,1.0,3.0,2.0,9.0,READ,SPEAK,263.0,3.0,1.0,1.0,3.0,2.0,9.0,READ,TYPE,263.0,3.0,1.0,1.0,3.0,2.0,9.0,READ,TYPE
PA13,Where is the main source of the slate stones?,708,2,The query is moderately specific as it asks about the main source of slate stones,1.0,3.0,4.0,5.0,1.0,12.0,READ,SPEAK,264.0,1.0,3.0,4.0,5.0,1.0,12.0,READ,TYPE,264.0,1.0,3.0,4.0,5.0,1.0,12.0,READ,TYPE
PA14,what are the benefits of using slate flooring?,708,2,The query is moderately specific as it focuses on a particular type of flooring (slate) and seeks information about its benefits. However,2.0,4.0,2.0,4.0,2.0,7.0,READ,SPEAK,265.0,2.0,4.0,2.0,4.0,2.0,7.0,READ,TYPE,265.0,2.0,4.0,2.0,4.0,2.0,7.0,READ,TYPE
PA19,from where we can get slate stones? what are the possible uses of this?,708,1,The query is not specific because it is vague and general. It asks for information on where to obtain slate stones without indicating a particular location or context,3.0,3.0,3.0,4.0,2.0,8.0,READ,SPEAK,270.0,3.0,3.0,3.0,4.0,2.0,8.0,READ,TYPE,270.0,3.0,3.0,3.0,4.0,2.0,8.0,READ,TYPE
PA20,what is decorative use of slate stone?,708,2,The query asks about the decorative use of slate stone,2.0,3.0,3.0,4.0,2.0,2.0,LISTEN,SPEAK,271.0,2.0,3.0,3.0,4.0,2.0,2.0,LISTEN,TYPE,271.0,2.0,3.0,3.0,4.0,2.0,2.0,LISTEN,TYPE
PA22,I slate stone more expensive than marble?,708,2,The query is moderately specific as it compares the cost of slate stone to that of marble,1.0,3.0,3.0,3.0,1.0,8.0,READ,SPEAK,273.0,1.0,3.0,3.0,3.0,1.0,8.0,READ,TYPE,273.0,1.0,3.0,3.0,3.0,1.0,8.0,READ,TYPE
PA26,slate stone for decoration,708,2,This query is moderately specific because it indicates a particular type of material (slate stone) used for a specific purpose (decoration). However,,,,,,,,,277.0,1.0,1.0,5.0,2.0,5.0,6.0,READ,TYPE,277.0,1.0,1.0,5.0,2.0,5.0,6.0,READ,TYPE
PA27,Decorative slate stone for a new house,708,2,"The query ""Decorative slate stone for a new house"" is moderately specific. It references a specific type of material (decorative slate stone) and its intended use (for a new house)",4.0,3.0,2.0,1.0,4.0,1.0,READ,SPEAK,278.0,4.0,3.0,2.0,1.0,4.0,1.0,READ,TYPE,278.0,4.0,3.0,2.0,1.0,4.0,1.0,READ,TYPE
PA33,Is slate stone good for interior decorating?,708,2,The query is moderately specific as it inquires about the suitability of slate stone for a particular purpose (interior decorating). However,1.0,2.0,3.0,4.0,1.0,1.0,LISTEN,SPEAK,284.0,1.0,2.0,3.0,4.0,1.0,1.0,LISTEN,TYPE,284.0,1.0,2.0,3.0,4.0,1.0,1.0,LISTEN,TYPE
PA1,train station + security,711,2,"The query ""train station + security"" indicates a focus on a particular location (train station) and a specific aspect (security)",,,,,,,,,,,,,,,,,,,,,,,,,,
PA2,The security measures for train station,711,2,The query is moderately specific as it refers to a particular context (train stations) and a specific topic (security measures) but does not provide details about the types of security measures,,,,,,,,,285.0,2.0,4.0,2.0,4.0,2.0,4.0,LISTEN,SPEAK,285.0,2.0,4.0,2.0,4.0,2.0,4.0,LISTEN,SPEAK
PA3,What are the major security factors that could be considered at a train station?,711,2,"The query asks about ""major security factors"" at a ""train station",,,,,,,,,286.0,5.0,4.0,1.0,2.0,1.0,10.0,READ,SPEAK,286.0,5.0,4.0,1.0,2.0,1.0,10.0,READ,SPEAK
PA4,security measures in train stations,711,2,"The query ""security measures in train stations"" is moderately specific as it indicates a focus on a particular subject (security measures) within a defined context (train stations). However",,,,,,,,,287.0,2.0,3.0,3.0,5.0,2.0,5.0,READ,TYPE,287.0,2.0,3.0,3.0,5.0,2.0,5.0,READ,TYPE
PA6,Train station security procedures,711,2,"The query ""Train station security procedures"" is moderately specific as it indicates a particular context (train stations) and a focus on security procedures. However",2.0,4.0,1.0,5.0,2.0,2.0,READ,SPEAK,288.0,2.0,4.0,1.0,5.0,2.0,2.0,READ,TYPE,288.0,2.0,4.0,1.0,5.0,2.0,2.0,READ,TYPE
PA9,What are the safety measures taken at train stations,711,2,The query is moderately specific as it focuses on safety measures at a particular location (train stations),4.0,4.0,2.0,5.0,1.0,3.0,LISTEN,SPEAK,291.0,4.0,4.0,2.0,5.0,1.0,3.0,LISTEN,TYPE,291.0,4.0,4.0,2.0,5.0,1.0,3.0,LISTEN,TYPE
PA10,Safety at train stations,711,1,"The query ""Safety at train stations"" is vague and general as it does not specify a particular aspect of safety",2.0,5.0,2.0,5.0,1.0,4.0,LISTEN,SPEAK,292.0,2.0,5.0,2.0,5.0,1.0,4.0,LISTEN,TYPE,292.0,2.0,5.0,2.0,5.0,1.0,4.0,LISTEN,TYPE
PA14,what are the measures take when a robbery in a train station takes places? ,711,2,The query is moderately specific as it references a particular scenario (a robbery in a train station) and seeks information about the measures taken in response to that event. However,5.0,5.0,2.0,5.0,2.0,3.0,READ,SPEAK,297.0,5.0,5.0,2.0,5.0,2.0,3.0,READ,TYPE,297.0,5.0,5.0,2.0,5.0,2.0,3.0,READ,TYPE
PA15,what are security measures taken at train stations,711,2,The query is moderately specific as it asks about security measures at train stations,5.0,4.0,1.0,5.0,1.0,9.0,READ,SPEAK,298.0,5.0,4.0,1.0,5.0,1.0,9.0,READ,TYPE,298.0,5.0,4.0,1.0,5.0,1.0,9.0,READ,TYPE
PA16,Security concerns at the train stations,711,2,"The query mentions ""security concerns"" which indicates a focus on a specific issue (safety at train stations)",2.0,3.0,2.0,3.0,2.0,12.0,LISTEN,SPEAK,299.0,2.0,3.0,2.0,3.0,2.0,12.0,LISTEN,TYPE,299.0,2.0,3.0,2.0,3.0,2.0,12.0,LISTEN,TYPE
PA20,what security measures are employed in the train station?,711,2,The query is moderately specific as it asks about security measures specific to train stations. However,3.0,4.0,2.0,4.0,1.0,6.0,READ,SPEAK,303.0,3.0,4.0,2.0,4.0,1.0,6.0,READ,TYPE,303.0,3.0,4.0,2.0,4.0,1.0,6.0,READ,TYPE
PA21,What does the secruity measures include?,711,1,The query is vague because it does not specify which context or type of security measures is being referred to,1.0,1.0,4.0,4.0,1.0,1.0,READ,SPEAK,304.0,1.0,1.0,4.0,4.0,1.0,1.0,READ,TYPE,304.0,1.0,1.0,4.0,4.0,1.0,1.0,READ,TYPE
PA22,What are some common security features in train stations?,711,2,The query is moderately specific as it asks for common security features,3.0,4.0,3.0,5.0,1.0,11.0,READ,SPEAK,305.0,3.0,4.0,3.0,5.0,1.0,11.0,READ,TYPE,305.0,3.0,4.0,3.0,5.0,1.0,11.0,READ,TYPE
PA23,What are the security measures taken to protect public at train station?,711,2,The query is moderately specific as it asks about security measures in a particular context (train stations),,,,,,,,,306.0,4.0,3.0,1.0,5.0,1.0,10.0,READ,TYPE,306.0,4.0,3.0,1.0,5.0,1.0,10.0,READ,TYPE
PA25,what are the possible security measure that have been taken for train station security,711,2,The query is moderately specific as it asks about security measures for train station security,2.0,2.0,3.0,5.0,5.0,7.0,READ,SPEAK,308.0,2.0,2.0,3.0,5.0,5.0,7.0,READ,TYPE,308.0,2.0,2.0,3.0,5.0,5.0,7.0,READ,TYPE
PA26,train station security measure,711,2,"The query ""train station security measure"" is moderately specific as it indicates a particular context (train stations) and a focus (security measures). However",,,,,,,,,309.0,2.0,4.0,3.0,5.0,1.0,7.0,READ,TYPE,309.0,2.0,4.0,3.0,5.0,1.0,7.0,READ,TYPE
PA27,Is travelling by train safe?,711,"1: Not specific (vague or general). 

Reasoning: The query asks about the safety of traveling by train in a general sense without any context regarding location",type of train,3.0,2.0,2.0,4.0,1.0,6.0,LISTEN,SPEAK,310.0,3.0,2.0,2.0,4.0,1.0,6.0,LISTEN,TYPE,310.0,3.0,2.0,2.0,4.0,1.0,6.0,LISTEN,TYPE
PA28,security measures taken in train stations?,711,1,"The query ""security measures taken in train stations?"" is quite general and vague as it does not specify a particular location",1.0,3.0,3.0,5.0,1.0,10.0,LISTEN,SPEAK,311.0,1.0,3.0,3.0,5.0,1.0,10.0,LISTEN,TYPE,311.0,1.0,3.0,3.0,5.0,1.0,10.0,LISTEN,TYPE
PA29,What are the methods use to safe train station?,711,1,The query is vague and general as it does not specify which aspects of safety or methods are being referred to,4.0,5.0,1.0,5.0,1.0,7.0,READ,SPEAK,312.0,4.0,5.0,1.0,5.0,1.0,7.0,READ,TYPE,312.0,4.0,5.0,1.0,5.0,1.0,7.0,READ,TYPE
PA30,what happens if i forgot my myki card,711,2,The query is moderately specific as it seeks information about the consequences of forgetting a Myki card,4.0,4.0,1.0,4.0,1.0,1.0,READ,SPEAK,313.0,4.0,4.0,1.0,4.0,1.0,1.0,READ,TYPE,313.0,4.0,4.0,1.0,4.0,1.0,1.0,READ,TYPE
PA32,train station security,711,1,"The query ""train station security"" is quite general as it does not specify any particular aspect of security",2.0,3.0,3.0,5.0,3.0,4.0,LISTEN,SPEAK,315.0,2.0,3.0,3.0,5.0,3.0,4.0,LISTEN,TYPE,315.0,2.0,3.0,3.0,5.0,3.0,4.0,LISTEN,TYPE
PA4,Low white blood cell count causes,725,2,"The query ""low white blood cell count causes"" is moderately specific because it identifies a particular medical condition (low white blood cell count) and seeks to understand its causes. However",,,,,,,,,319.0,5.0,4.0,2.0,5.0,1.0,3.0,READ,TYPE,319.0,5.0,4.0,2.0,5.0,1.0,3.0,READ,TYPE
PA5,What causes low white blood cell count,725,2,The query is moderately specific as it asks for the causes of low white blood cell count,1.0,4.0,5.0,5.0,1.0,11.0,READ,SPEAK,325.0,1.0,4.0,5.0,5.0,1.0,11.0,READ,TYPE,325.0,1.0,4.0,5.0,5.0,1.0,11.0,READ,TYPE
PA11,What can cause low white blood cell count?,725,2,The query asks about the causes of low white blood cell count,2.0,3.0,4.0,5.0,2.0,2.0,READ,SPEAK,326.0,2.0,3.0,4.0,5.0,2.0,2.0,READ,TYPE,326.0,2.0,3.0,4.0,5.0,2.0,2.0,READ,TYPE
PA15,what are the reasons for low white blood cell count,725,2,"The query ""what are the reasons for low white blood cell count"" is moderately specific as it seeks information about specific medical information related to a low white blood cell count. However",4.0,4.0,3.0,5.0,2.0,8.0,LISTEN,SPEAK,330.0,4.0,4.0,3.0,5.0,2.0,8.0,LISTEN,TYPE,330.0,4.0,4.0,3.0,5.0,2.0,8.0,LISTEN,TYPE
PA16,Diseases that cause low white blood cell count,725,2,The query is moderately specific as it inquires about a particular medical topic,2.0,4.0,3.0,4.0,4.0,1.0,LISTEN,SPEAK,331.0,2.0,4.0,3.0,4.0,4.0,1.0,LISTEN,TYPE,331.0,2.0,4.0,3.0,4.0,4.0,1.0,LISTEN,TYPE
PA17,What are some of the causes for low white blood cells count?,725,2,The query is moderately specific as it asks about the causes of low white blood cell count,2.0,3.0,3.0,4.0,4.0,1.0,READ,SPEAK,332.0,2.0,3.0,3.0,4.0,4.0,1.0,READ,TYPE,332.0,2.0,3.0,3.0,4.0,4.0,1.0,READ,TYPE
PA20,what disease or condition may cause low white blood cell count?,725,2,The query seeks information about diseases or conditions related to a specific medical symptom (low white blood cell count),4.0,4.0,3.0,4.0,2.0,11.0,READ,SPEAK,335.0,4.0,4.0,3.0,4.0,2.0,11.0,READ,TYPE,335.0,4.0,4.0,3.0,4.0,2.0,11.0,READ,TYPE
PA21,Why the white blood cell level is low? Will it cause any detriments to my body and daily life?,725,2,The query is moderately specific as it asks about low white blood cell levels and their potential effects on health and daily life. However,1.0,4.0,2.0,4.0,2.0,3.0,LISTEN,SPEAK,336.0,1.0,4.0,2.0,4.0,2.0,3.0,LISTEN,TYPE,336.0,1.0,4.0,2.0,4.0,2.0,3.0,LISTEN,TYPE
PA26,symptoms with low white blood cell count,725,2,The query is moderately specific as it identifies a particular health condition (low white blood cell count) and seeks information about its symptoms. However,,,,,,,,,341.0,1.0,2.0,5.0,4.0,2.0,4.0,READ,TYPE,341.0,1.0,2.0,5.0,4.0,2.0,4.0,READ,TYPE
PA28,what are the symptoms for low white blood cell count?,725,2,The query is moderately specific as it asks for symptoms related to a low white blood cell count,5.0,4.0,2.0,5.0,1.0,2.0,READ,SPEAK,343.0,5.0,4.0,2.0,5.0,1.0,2.0,READ,TYPE,343.0,5.0,4.0,2.0,5.0,1.0,2.0,READ,TYPE
PA30,what are the common diseases that reduces white blood cell count,725,2,"The query is moderately specific as it refers to ""common diseases"" and specifies the effect on ""white blood cell count."" While it indicates an area of interest in medicine",4.0,4.0,1.0,4.0,1.0,6.0,READ,SPEAK,345.0,4.0,4.0,1.0,4.0,1.0,6.0,READ,TYPE,345.0,4.0,4.0,1.0,4.0,1.0,6.0,READ,TYPE
PA31,low white blood cell count medical condition,725,2,"The query ""low white blood cell count medical condition"" is moderately specific as it indicates a particular health concern related to white blood cells. However",1.0,4.0,4.0,5.0,5.0,2.0,READ,SPEAK,346.0,1.0,4.0,4.0,5.0,5.0,2.0,READ,TYPE,346.0,1.0,4.0,4.0,5.0,5.0,2.0,READ,TYPE
PA32,low white blood cell count,725,2,"The query ""low white blood cell count"" is moderately specific as it refers to a particular medical condition related to a specific aspect of blood health. However",4.0,4.0,3.0,5.0,3.0,2.0,READ,SPEAK,347.0,4.0,4.0,3.0,5.0,3.0,2.0,READ,TYPE,347.0,4.0,4.0,3.0,5.0,3.0,2.0,READ,TYPE
PA33,Why do I have a low white blood cell count?,725,2,The query asks about a specific medical condition (low white blood cell count) but does not provide any context or details (such as symptoms,3.0,4.0,2.0,5.0,2.0,6.0,READ,SPEAK,348.0,3.0,4.0,2.0,5.0,2.0,6.0,READ,TYPE,348.0,3.0,4.0,2.0,5.0,2.0,6.0,READ,TYPE
PA1,freight ship ferry permission,743,2,The query is moderately specific as it references a specific context (freight ship ferry) and a particular requirement (permission),,,,,,,,,,,,,,,,,,,,,,,,,,
PA8,What is the most recent policy for shipping industry?,743,2,The query is moderately specific as it asks for information about recent policy specifically related to the shipping industry. However,2.0,4.0,4.0,5.0,2.0,12.0,READ,SPEAK,354.0,2.0,4.0,4.0,5.0,2.0,12.0,READ,TYPE,354.0,2.0,4.0,4.0,5.0,2.0,12.0,READ,TYPE
PA5,Countries freight ship registration regulation,743,2,"The query mentions ""countries"" and ""freight ship registration regulation",1.0,2.0,4.0,2.0,1.0,7.0,LISTEN,SPEAK,357.0,1.0,2.0,4.0,2.0,1.0,7.0,LISTEN,TYPE,357.0,1.0,2.0,4.0,2.0,1.0,7.0,LISTEN,TYPE
PA12,Tell me more about this,743,1,"The query ""Tell me more about this"" is not specific because it lacks context or detail regarding what ""this"" refers to. It could pertain to any topic",2.0,2.0,1.0,3.0,3.0,12.0,READ,SPEAK,359.0,2.0,2.0,1.0,3.0,3.0,12.0,READ,TYPE,359.0,2.0,2.0,1.0,3.0,3.0,12.0,READ,TYPE
PA13,What documents do I need to apply for a registration?,743,2,The query is moderately specific because it requests information about the documents required for a registration application. However,1.0,4.0,4.0,4.0,4.0,1.0,LISTEN,SPEAK,360.0,1.0,4.0,4.0,4.0,4.0,1.0,LISTEN,TYPE,360.0,1.0,4.0,4.0,4.0,4.0,1.0,LISTEN,TYPE
PA14,what is freighter ship registration?,743,1,"The query ""what is freighter ship registration?"" is not specific because it is a general question that seeks basic information about a broad topic without any particular focus. It does not specify any details related to the context or aspects of freighter ship registration",1.0,2.0,2.0,2.0,2.0,12.0,LISTEN,SPEAK,361.0,1.0,2.0,2.0,2.0,2.0,12.0,LISTEN,TYPE,361.0,1.0,2.0,2.0,2.0,2.0,12.0,LISTEN,TYPE
PA15,what are the rules and consideration related to freight ship,743,2,The query asks about the rules and considerations related to freight ships,1.0,4.0,3.0,1.0,4.0,10.0,LISTEN,SPEAK,362.0,1.0,4.0,3.0,1.0,4.0,10.0,LISTEN,TYPE,362.0,1.0,4.0,3.0,1.0,4.0,10.0,LISTEN,TYPE
PA16,What are the rules and regulations for a freight ship registration,743,2,The query is moderately specific as it asks about rules and regulations related to freight ship registration,2.0,2.0,3.0,2.0,4.0,9.0,READ,SPEAK,363.0,2.0,2.0,3.0,2.0,4.0,9.0,READ,TYPE,363.0,2.0,2.0,3.0,2.0,4.0,9.0,READ,TYPE
PA20,what is the registration process of freight ship in Australia?,743,3,The query is very specific as it explicitly asks about the registration process of freight ships in Australia,4.0,3.0,2.0,3.0,2.0,4.0,LISTEN,SPEAK,367.0,4.0,3.0,2.0,3.0,2.0,4.0,LISTEN,TYPE,367.0,4.0,3.0,2.0,3.0,2.0,4.0,LISTEN,TYPE
PA22,How long does it take to obtain registration for a freight ship?,743,2,The query is moderately specific because it specifically asks about the time frame for obtaining registration for a freight ship,2.0,2.0,2.0,3.0,3.0,9.0,LISTEN,SPEAK,369.0,2.0,2.0,2.0,3.0,3.0,9.0,LISTEN,TYPE,369.0,2.0,2.0,2.0,3.0,3.0,9.0,LISTEN,TYPE
PA23,How to register a ship in the country?,743,1,The query is not specific because it is general and lacks details such as which country is being referred to. It does not provide information about the type of ship or any particular registration requirements,,,,,,,,,370.0,2.0,2.0,3.0,5.0,3.0,1.0,LISTEN,TYPE,370.0,2.0,2.0,3.0,5.0,3.0,1.0,LISTEN,TYPE
PA25,what are the rules and regulations that i should be concerned about when registering a freight ship in my country,743,2,The query is moderately specific because it asks about rules and regulations related to registering a freight ship,1.0,1.0,5.0,2.0,5.0,12.0,LISTEN,SPEAK,372.0,1.0,1.0,5.0,2.0,5.0,12.0,LISTEN,TYPE,372.0,1.0,1.0,5.0,2.0,5.0,12.0,LISTEN,TYPE
PA28,rules and conditions related to registration of freight ship?,743,2,"The query is moderately specific as it targets ""rules and conditions"" specifically pertaining to ""registration of freight ship."" However",1.0,2.0,3.0,5.0,4.0,8.0,READ,SPEAK,375.0,1.0,2.0,3.0,5.0,4.0,8.0,READ,TYPE,375.0,1.0,2.0,3.0,5.0,4.0,8.0,READ,TYPE
PA29,How long it take to frieter ship registration,743,1,The query is vague and general,2.0,4.0,3.0,2.0,2.0,3.0,LISTEN,SPEAK,376.0,2.0,4.0,3.0,2.0,2.0,3.0,LISTEN,TYPE,376.0,2.0,4.0,3.0,2.0,2.0,3.0,LISTEN,TYPE
PA31,registering freight ship rules regulations,743,2,"The query ""registering freight ship rules regulations"" is moderately specific as it suggests an interest in the somewhat detailed area of rules and regulations specific to the registration of freight ships. However",1.0,2.0,4.0,2.0,1.0,4.0,READ,SPEAK,378.0,1.0,2.0,4.0,2.0,1.0,4.0,READ,TYPE,378.0,1.0,2.0,4.0,2.0,1.0,4.0,READ,TYPE
PA33,How do you register a freight ship?,743,2,The query asks about the process of registering a freight ship,2.0,2.0,3.0,3.0,3.0,11.0,READ,SPEAK,380.0,2.0,2.0,3.0,3.0,3.0,11.0,READ,TYPE,380.0,2.0,2.0,3.0,3.0,3.0,11.0,READ,TYPE
PA1,san xia project + china,416,2,"The query ""san xia project + china"" is moderately specific as it refers to a specific project (the Sanxia",,,,,,,,,,,,,,,,,,,,,,,,,,
PA2,the current status of Three Gorge project,416,2,The query asks for the current status of the Three Gorge project,,,,,,,,,125.0,1.0,4.0,3.0,4.0,2.0,11.0,LISTEN,SPEAK,125.0,1.0,4.0,3.0,4.0,2.0,11.0,LISTEN,SPEAK
PA3,What are the current status of three gorge dam project?,416,2,"The query is moderately specific as it asks about the ""current status"" of a specific project",,,,,,,,,126.0,3.0,4.0,1.0,4.0,1.0,12.0,READ,SPEAK,126.0,3.0,4.0,1.0,4.0,1.0,12.0,READ,SPEAK
PA4,update on the three gorges dam project,416,2,The query asks for an update on the Three Gorges Dam project,,,,,,,,,127.0,1.0,3.0,3.0,5.0,2.0,10.0,READ,TYPE,127.0,1.0,3.0,3.0,5.0,2.0,10.0,READ,TYPE
PA6,Three Gorges Dam Yangze River cruise,416,2,"The query ""Three Gorges Dam Yangze River cruise"" is moderately specific. It mentions the Three Gorges Dam",3.0,4.0,1.0,4.0,1.0,3.0,LISTEN,SPEAK,128.0,3.0,4.0,1.0,4.0,1.0,3.0,LISTEN,TYPE,128.0,3.0,4.0,1.0,4.0,1.0,3.0,LISTEN,TYPE
PA7,What is the current status of three gorges dam project especially near yantzee river?,416,2,"The query asks about the ""current status"" of the Three Gorges Dam project and specifies a geographical focus on the Yangtze River",1.0,1.0,4.0,5.0,1.0,7.0,READ,SPEAK,129.0,1.0,1.0,4.0,5.0,1.0,7.0,READ,TYPE,129.0,1.0,1.0,4.0,5.0,1.0,7.0,READ,TYPE
PA8,At what stage do we expect the Three Georges Dam project to be in? ,416,2,The query is moderately specific as it refers to a specific project (Three Georges Dam) and is inquiring about its current status or stage. However,2.0,3.0,2.0,5.0,1.0,8.0,LISTEN,SPEAK,130.0,2.0,3.0,2.0,5.0,1.0,8.0,LISTEN,TYPE,130.0,2.0,3.0,2.0,5.0,1.0,8.0,LISTEN,TYPE
PA9,What is the current status of the Three Gorges Dam project?,416,2,The query asks about the current status of a specific project (Three Gorges Dam),1.0,1.0,2.0,4.0,1.0,1.0,READ,SPEAK,131.0,1.0,1.0,2.0,4.0,1.0,1.0,READ,TYPE,131.0,1.0,1.0,2.0,4.0,1.0,1.0,READ,TYPE
PA17,What is the current statuse of the three Gorges Dam project?,416,2,The query asks about the status of a specific project,2.0,3.0,3.0,4.0,2.0,12.0,READ,SPEAK,140.0,2.0,3.0,3.0,4.0,2.0,12.0,READ,TYPE,140.0,2.0,3.0,3.0,4.0,2.0,12.0,READ,TYPE
PA18,why it is needed to explore The Three Gorges Dam Project?,416,2,The query asks about the need to explore a specific project,3.0,3.0,2.0,4.0,2.0,9.0,READ,SPEAK,141.0,3.0,3.0,2.0,4.0,2.0,9.0,READ,TYPE,141.0,3.0,3.0,2.0,4.0,2.0,9.0,READ,TYPE
PA22,How long did it take to build the Three Gorges Dam?,416,2,The query asks about the construction time for a specific infrastructure project,4.0,5.0,2.0,2.0,1.0,2.0,READ,SPEAK,145.0,4.0,5.0,2.0,2.0,1.0,2.0,READ,TYPE,145.0,4.0,5.0,2.0,2.0,1.0,2.0,READ,TYPE
PA23,Is three gorges dam project finished?,416,2,The query is moderately specific as it refers to a particular project (the Three Gorges Dam) and asks a direct question about its completion status. However,,,,,,,,,146.0,1.0,3.0,4.0,5.0,1.0,9.0,LISTEN,TYPE,146.0,1.0,3.0,4.0,5.0,1.0,9.0,LISTEN,TYPE
PA25,what is the current state of the george damme project,416,2,The query is moderately specific as it asks for information about a particular project (the George Damme project) but does not clarify what aspects of the project's state the user is interested in,1.0,1.0,1.0,4.0,2.0,5.0,LISTEN,SPEAK,148.0,1.0,1.0,1.0,4.0,2.0,5.0,LISTEN,TYPE,148.0,1.0,1.0,1.0,4.0,2.0,5.0,LISTEN,TYPE
PA27,Current status of The Three Gorges Dam,416,2,The query is moderately specific because it refers to a particular structure (The Three Gorges Dam) and implies a request for its present condition or updates. However,1.0,3.0,4.0,5.0,1.0,8.0,READ,SPEAK,150.0,1.0,3.0,4.0,5.0,1.0,8.0,READ,TYPE,150.0,1.0,3.0,4.0,5.0,1.0,8.0,READ,TYPE
PA28,what is the current status of three gorges dam project?,416,2,"The query asks about the ""current status"" of a specific project",1.0,3.0,2.0,5.0,1.0,6.0,READ,SPEAK,151.0,1.0,3.0,2.0,5.0,1.0,6.0,READ,TYPE,151.0,1.0,3.0,2.0,5.0,1.0,6.0,READ,TYPE
PA30,what is three gorges dam project,416,1,"The query ""what is three gorges dam project"" is not specific because it is asking for a general overview or definition of the project without delving into particular aspects such as its purpose",2.0,4.0,1.0,4.0,1.0,11.0,LISTEN,SPEAK,153.0,2.0,4.0,1.0,4.0,1.0,11.0,LISTEN,TYPE,153.0,2.0,4.0,1.0,4.0,1.0,11.0,LISTEN,TYPE
PA32,three gorges dam project,416,2,"The query ""three gorges dam project"" is moderately specific as it refers to a particular large infrastructure project",3.0,4.0,3.0,2.0,2.0,5.0,LISTEN,SPEAK,155.0,3.0,4.0,3.0,2.0,2.0,5.0,LISTEN,TYPE,155.0,3.0,4.0,3.0,2.0,2.0,5.0,LISTEN,TYPE
PA1,what can tires be recycled for ?,419,2,The query is moderately specific as it asks a clear question about the potential uses of recycled tires. However,,,,,,,,,,,,,,,,,,,,,,,,,,
PA3,Are recycled tyres good in performance?,419,2,The query asks about the performance of recycled tyres,,,,,,,,,158.0,4.0,4.0,1.0,1.0,1.0,11.0,READ,SPEAK,158.0,4.0,4.0,1.0,1.0,1.0,11.0,READ,SPEAK
PA6,Car tyre recycling uses,419,2,"The query ""Car tyre recycling uses"" is moderately specific as it refers to a particular subject (car tyre recycling) and implies a focus on the applications or purposes of the recycled materials. However",2.0,4.0,1.0,5.0,1.0,7.0,LISTEN,SPEAK,160.0,2.0,4.0,1.0,5.0,1.0,7.0,LISTEN,TYPE,160.0,2.0,4.0,1.0,5.0,1.0,7.0,LISTEN,TYPE
PA10,Ways to recycle car tiers,419,2,The query is moderately specific as it focuses on a particular topic—recycling car tires—but does not provide detailed criteria or particular aspects of recycling (e.g.,4.0,5.0,2.0,4.0,4.0,2.0,LISTEN,SPEAK,164.0,4.0,5.0,2.0,4.0,4.0,2.0,LISTEN,TYPE,164.0,4.0,5.0,2.0,4.0,4.0,2.0,LISTEN,TYPE
PA5,How can tires be recycled,419,1,"The query ""How can tires be recycled"" is quite vague and general",1.0,2.0,4.0,5.0,1.0,6.0,LISTEN,SPEAK,165.0,1.0,2.0,4.0,5.0,1.0,6.0,LISTEN,TYPE,165.0,1.0,2.0,4.0,5.0,1.0,6.0,LISTEN,TYPE
PA14,what happens when the tires are recyclyed?,419,2,"The query ""what happens when the tires are recycled?"" is moderately specific as it identifies a specific process (tire recycling) and asks about its outcomes. However",3.0,4.0,2.0,4.0,2.0,5.0,LISTEN,SPEAK,169.0,3.0,4.0,2.0,4.0,2.0,5.0,LISTEN,TYPE,169.0,3.0,4.0,2.0,4.0,2.0,5.0,LISTEN,TYPE
PA17,What are some of the uses for old tyres?,419,1,"The query is not specific because it is very general and open-ended. It asks for ""some of the uses"" without narrowing down the context",3.0,4.0,3.0,4.0,4.0,3.0,LISTEN,SPEAK,172.0,3.0,4.0,3.0,4.0,4.0,3.0,LISTEN,TYPE,172.0,3.0,4.0,3.0,4.0,4.0,3.0,LISTEN,TYPE
PA20,what are the new uses of these old tires,419,2,The query is moderately specific as it asks about innovative applications for old tires,3.0,4.0,3.0,4.0,2.0,5.0,LISTEN,SPEAK,175.0,3.0,4.0,3.0,4.0,2.0,5.0,LISTEN,TYPE,175.0,3.0,4.0,3.0,4.0,2.0,5.0,LISTEN,TYPE
PA21,What can the old tires be used to after being recycled?,419,2,The query is moderately specific as it asks about the potential uses of recycled old tires. While it doesn't specify certain types of recycling or particular applications,2.0,2.0,2.0,4.0,4.0,6.0,LISTEN,SPEAK,176.0,2.0,2.0,2.0,4.0,4.0,6.0,LISTEN,TYPE,176.0,2.0,2.0,2.0,4.0,4.0,6.0,LISTEN,TYPE
PA23,How tyres can be recycled and what are the uses of them?,419,2,The query is moderately specific as it asks about the recycling process of tyres and their uses. However,,,,,,,,,178.0,4.0,3.0,2.0,5.0,1.0,3.0,READ,TYPE,178.0,4.0,3.0,2.0,5.0,1.0,3.0,READ,TYPE
PA24,Vehicle tire recycling usage and history.,419,2,The query focuses on a specific topic—vehicle tire recycling—indicating a level of interest beyond general recycling topics. However,1.0,4.0,5.0,5.0,1.0,9.0,READ,SPEAK,179.0,1.0,4.0,5.0,5.0,1.0,9.0,READ,TYPE,179.0,1.0,4.0,5.0,5.0,1.0,9.0,READ,TYPE
PA26,can you recycle car tires,419,2,The query asks about the recycling of car tires,,,,,,,,,181.0,1.0,1.0,5.0,5.0,3.0,10.0,LISTEN,TYPE,181.0,1.0,1.0,5.0,5.0,3.0,10.0,LISTEN,TYPE
PA29,What are the risk to used recycled tires ?,419,2,The query is moderately specific because it focuses on the risks associated with a particular subject (used recycled tires),4.0,5.0,1.0,1.0,3.0,6.0,LISTEN,SPEAK,184.0,4.0,5.0,1.0,1.0,3.0,6.0,LISTEN,TYPE,184.0,4.0,5.0,1.0,1.0,3.0,6.0,LISTEN,TYPE
PA30,what can we make with recycled tyres,419,2,The query is moderately specific as it seeks information about potential uses for recycled tyres,5.0,5.0,1.0,4.0,1.0,5.0,LISTEN,SPEAK,185.0,5.0,5.0,1.0,4.0,1.0,5.0,LISTEN,TYPE,185.0,5.0,5.0,1.0,4.0,1.0,5.0,LISTEN,TYPE
PA33,What are recycled tyres used for?,419,1,"The query ""What are recycled tyres used for?"" is quite general and does not specify any particular aspect of recycled tyres",4.0,3.0,2.0,5.0,2.0,8.0,LISTEN,SPEAK,188.0,4.0,3.0,2.0,5.0,2.0,8.0,LISTEN,TYPE,188.0,4.0,3.0,2.0,5.0,2.0,8.0,LISTEN,TYPE
PA2,the details of Greek philosophy scocism,433,2,"The query focuses on ""Greek philosophy",,,,,,,,,189.0,2.0,4.0,4.0,1.0,4.0,12.0,READ,SPEAK,189.0,2.0,4.0,4.0,1.0,4.0,12.0,READ,SPEAK
PA3,What are the Greek stoics? What is its historic significance?,433,2,The query asks about Greek stoics in general and their historic significance,,,,,,,,,190.0,1.0,3.0,1.0,2.0,1.0,6.0,READ,SPEAK,190.0,1.0,3.0,1.0,2.0,1.0,6.0,READ,SPEAK
PA6,Greek stoicism current events,433,2,"The query ""Greek stoicism current events"" is moderately specific as it focuses on a particular philosophical school (Greek stoicism) and seeks information about contemporary happenings related to it. However",4.0,4.0,1.0,4.0,1.0,12.0,READ,SPEAK,192.0,4.0,4.0,1.0,4.0,1.0,12.0,READ,TYPE,192.0,4.0,4.0,1.0,4.0,1.0,12.0,READ,TYPE
PA7,Where can i find greek stoic plays or artistic productions taking place or are being planned?,433,2,The query is moderately specific as it focuses on Greek stoic plays or artistic productions and seeks information regarding their current or planned locations. However,4.0,5.0,1.0,4.0,1.0,5.0,LISTEN,SPEAK,193.0,4.0,5.0,1.0,4.0,1.0,5.0,LISTEN,TYPE,193.0,4.0,5.0,1.0,4.0,1.0,5.0,LISTEN,TYPE
PA9,What are the recent Greek plays?,433,2,The query is moderately specific because it asks for recent Greek plays,2.0,2.0,4.0,3.0,4.0,6.0,READ,SPEAK,195.0,2.0,2.0,4.0,3.0,4.0,6.0,READ,TYPE,195.0,2.0,2.0,4.0,3.0,4.0,6.0,READ,TYPE
PA10,what is Greeks plan for art and stoicism,433,2,"The query is moderately specific because it asks about a particular cultural aspect (""Greeks' plan for art and stoicism"")",1.0,2.0,4.0,4.0,5.0,6.0,READ,SPEAK,196.0,1.0,2.0,4.0,4.0,5.0,6.0,READ,TYPE,196.0,1.0,2.0,4.0,4.0,5.0,6.0,READ,TYPE
PA5,Contemporary Stoicism productions,433,2,"The term ""Contemporary Stoicism productions"" is moderately specific as it refers to a specific philosophy (Stoicism) and its modern interpretations or applications (productions). However",4.0,5.0,4.0,5.0,2.0,1.0,READ,SPEAK,197.0,4.0,5.0,4.0,5.0,2.0,1.0,READ,TYPE,197.0,4.0,5.0,4.0,5.0,2.0,1.0,READ,TYPE
PA11,Whether does Greek stoic play and artistic productions are taking place or being planned?,433,2,The query is moderately specific as it asks about the occurrence or planning of Greek stoic plays and artistic productions. While it specifies a particular subject (Greek stoic plays and artistic productions),1.0,4.0,4.0,5.0,2.0,11.0,LISTEN,SPEAK,198.0,1.0,4.0,4.0,5.0,2.0,11.0,LISTEN,TYPE,198.0,1.0,4.0,4.0,5.0,2.0,11.0,LISTEN,TYPE
PA12,Who are greeks,433,1,"The query ""Who are greeks"" is not specific because it is quite vague and could refer to various aspects such as the people of Greece",3.0,3.0,3.0,3.0,2.0,4.0,LISTEN,SPEAK,199.0,3.0,3.0,3.0,3.0,2.0,4.0,LISTEN,TYPE,199.0,3.0,3.0,3.0,3.0,2.0,4.0,LISTEN,TYPE
PA16,Upcoming artistic productions for Greek philosophy of stoicism,433,2,The query is moderately specific as it refers to a particular theme (Greek philosophy of stoicism) in the context of upcoming artistic productions. However,2.0,3.0,3.0,3.0,5.0,6.0,READ,SPEAK,203.0,2.0,3.0,3.0,3.0,5.0,6.0,READ,TYPE,203.0,2.0,3.0,3.0,3.0,5.0,6.0,READ,TYPE
PA17,What are some modern media that feature Greek stoicism?,433,2,The query is moderately specific as it seeks information on modern media that feature a particular philosophical concept,4.0,4.0,4.0,4.0,4.0,5.0,READ,SPEAK,204.0,4.0,4.0,4.0,4.0,4.0,5.0,READ,TYPE,204.0,4.0,4.0,4.0,4.0,4.0,5.0,READ,TYPE
PA18,Is there any artistic productions or projects related with Greek philosophy of Sotoism been doing? ,433,2,The query is moderately specific as it references a unique combination of artistic productions or projects in relation to Greek philosophy and Sotoism. However,4.0,5.0,2.0,5.0,2.0,10.0,LISTEN,SPEAK,205.0,4.0,5.0,2.0,5.0,2.0,10.0,LISTEN,TYPE,205.0,4.0,5.0,2.0,5.0,2.0,10.0,LISTEN,TYPE
PA19,are there any greek plays are being conducted nearby?,433,1,The query is vague and general because it does not specify a particular location,1.0,3.0,3.0,3.0,3.0,1.0,READ,SPEAK,206.0,1.0,3.0,3.0,3.0,3.0,1.0,READ,TYPE,206.0,1.0,3.0,3.0,3.0,3.0,1.0,READ,TYPE
PA22,Who is the founder of Stoicism?,433,3,The query is very specific as it asks for the identity of a single individual who founded a philosophical school (Stoicism),5.0,5.0,1.0,1.0,1.0,4.0,LISTEN,SPEAK,209.0,5.0,5.0,1.0,1.0,1.0,4.0,LISTEN,TYPE,209.0,5.0,5.0,1.0,1.0,1.0,4.0,LISTEN,TYPE
PA24,Greek Stoicism plays history and future.,433,1,The query is vague and general as it lacks specific details about how Greek Stoicism relates to history and the future. It does not clarify whether it means influence on historical events,4.0,5.0,2.0,5.0,3.0,11.0,LISTEN,SPEAK,211.0,4.0,5.0,2.0,5.0,3.0,11.0,LISTEN,TYPE,211.0,4.0,5.0,2.0,5.0,3.0,11.0,LISTEN,TYPE
PA26,greek plays,433,1,"The query ""greek plays"" is quite general and could refer to a wide range of topics",,,,,,,,,213.0,1.0,3.0,4.0,4.0,5.0,2.0,LISTEN,TYPE,213.0,1.0,3.0,4.0,4.0,5.0,2.0,LISTEN,TYPE
PA27,Current events related to Greek philosophy,433,2,The query is moderately specific because it asks for current events,1.0,5.0,2.0,1.0,3.0,7.0,READ,SPEAK,214.0,1.0,5.0,2.0,1.0,3.0,7.0,READ,TYPE,214.0,1.0,5.0,2.0,1.0,3.0,7.0,READ,TYPE
PA29,Provide more info about greek philosophy,433,1,The query is very general and does not specify what aspect of Greek philosophy the user is interested in,3.0,4.0,3.0,4.0,3.0,11.0,LISTEN,SPEAK,216.0,3.0,4.0,3.0,4.0,3.0,11.0,LISTEN,TYPE,216.0,3.0,4.0,3.0,4.0,3.0,11.0,LISTEN,TYPE
PA30,event dates for greek stoic plays,433,2,The query is moderately specific because it indicates a focus on event dates,4.0,4.0,1.0,2.0,2.0,12.0,READ,SPEAK,217.0,4.0,4.0,1.0,2.0,2.0,12.0,READ,TYPE,217.0,4.0,4.0,1.0,2.0,2.0,12.0,READ,TYPE
PA32,stoic plays theatre,433,1,"The query ""stoic plays theatre"" is vague and general. It does not specify which plays",3.0,4.0,3.0,1.0,3.0,9.0,READ,SPEAK,219.0,3.0,4.0,3.0,1.0,3.0,9.0,READ,TYPE,219.0,3.0,4.0,3.0,1.0,3.0,9.0,READ,TYPE
